{
  "indexes": [
    {
      "collectionGroup": "jobs",
      "queryScope": "COLLECTION",
      "fields": [
        {
          "fieldPath": "ownerUid",
          "order": "ASCENDING"
        },
        {
          "fieldPath": "created_at",
          "order": "DESCENDING"
        }
      ]
    },
    {
      "collectionGroup": "runs",
      "queryScope": "COLLECTION",
      "fields": [
        {
          "fieldPath": "jobId",
          "order": "ASCENDING"
        },
        {
          "fieldPath": "started_utc",
          "order": "DESCENDING"
        }
      ]
    }
  ],
  "fieldOverrides": []
}